<wddxPacket version='1.0'><header/><data><recordset rowCount='1' fieldNames='DOMAIN,SITEID,THEME,LARGEIMAGEWIDTH,LARGEIMAGEHEIGHT,SMALLIMAGEWIDTH,SMALLIMAGEHEIGHT,MEDIUMIMAGEWIDTH,MEDIUMIMAGEHEIGHT,COLUMNCOUNT,COLUMNNAMES,PRIMARYCOLUMN,BASEID,CUSTOMTAGGROUPS,PLACEHOLDERIMGID,PLACEHOLDERIMGEXT' type='coldfusion.sql.QueryTable'><field name='DOMAIN'><string>muracon.dev</string></field><field name='SITEID'><string>muracon</string></field><field name='THEME'><string>MuraBootstrap3</string></field><field name='LARGEIMAGEWIDTH'><string>600</string></field><field name='LARGEIMAGEHEIGHT'><string>AUTO</string></field><field name='SMALLIMAGEWIDTH'><string>80</string></field><field name='SMALLIMAGEHEIGHT'><string>80</string></field><field name='MEDIUMIMAGEWIDTH'><string>180</string></field><field name='MEDIUMIMAGEHEIGHT'><string>180</string></field><field name='COLUMNCOUNT'><number>3.0</number></field><field name='COLUMNNAMES'><string>Left Column^Main Content^Right Column</string></field><field name='PRIMARYCOLUMN'><number>2.0</number></field><field name='BASEID'><string>B6B4B48C-C29D-C66D-E02DE95C7F98B73B</string></field><field name='CUSTOMTAGGROUPS'><null/></field><field name='PLACEHOLDERIMGID'><null/></field><field name='PLACEHOLDERIMGEXT'><null/></field></recordset></data></wddxPacket>
