<wddxPacket version='1.0'><header/><data><recordset rowCount='0' fieldNames='ATTRIBUTEID,EXTENDSETID,SITEID,NAME,LABEL,HINT,TYPE,ORDERNO,ISACTIVE,REQUIRED,VALIDATION,REGEX,MESSAGE,DEFAULTVALUE,OPTIONLIST,OPTIONLABELLIST,ADMINONLY' type='coldfusion.sql.QueryTable'><field name='ATTRIBUTEID'></field><field name='EXTENDSETID'></field><field name='SITEID'></field><field name='NAME'></field><field name='LABEL'></field><field name='HINT'></field><field name='TYPE'></field><field name='ORDERNO'></field><field name='ISACTIVE'></field><field name='REQUIRED'></field><field name='VALIDATION'></field><field name='REGEX'></field><field name='MESSAGE'></field><field name='DEFAULTVALUE'></field><field name='OPTIONLIST'></field><field name='OPTIONLABELLIST'></field><field name='ADMINONLY'></field></recordset></data></wddxPacket>
