<wddxPacket version='1.0'><header/><data><recordset rowCount='1' fieldNames='MLID,SITEID,NAME,DESCRIPTION,LASTUPDATE,ISPURGE,ISPUBLIC' type='coldfusion.sql.QueryTable'><field name='MLID'><string>B6BF7DAF-C29D-C66D-E0F743CB73B7EA8D</string></field><field name='SITEID'><string>muracon</string></field><field name='NAME'><string>Please Remove Me from All Lists</string></field><field name='DESCRIPTION'><null/></field><field name='LASTUPDATE'><dateTime>2017-02-05T23:07:55-08:00</dateTime></field><field name='ISPURGE'><number>1.0</number></field><field name='ISPUBLIC'><number>1.0</number></field></recordset></data></wddxPacket>
