<wddxPacket version='1.0'><header/><data><recordset rowCount='0' fieldNames='ADDRESSID,USERID,SITEID,ADDRESSNAME,ADDRESS1,ADDRESS2,CITY,STATE,ZIP,COUNTRY,PHONE,FAX,ISPRIMARY,ADDRESSNOTES,ADDRESSURL,LONGITUDE,LATITUDE,ADDRESSEMAIL,HOURS' type='coldfusion.sql.QueryTable'><field name='ADDRESSID'></field><field name='USERID'></field><field name='SITEID'></field><field name='ADDRESSNAME'></field><field name='ADDRESS1'></field><field name='ADDRESS2'></field><field name='CITY'></field><field name='STATE'></field><field name='ZIP'></field><field name='COUNTRY'></field><field name='PHONE'></field><field name='FAX'></field><field name='ISPRIMARY'></field><field name='ADDRESSNOTES'></field><field name='ADDRESSURL'></field><field name='LONGITUDE'></field><field name='LATITUDE'></field><field name='ADDRESSEMAIL'></field><field name='HOURS'></field></recordset></data></wddxPacket>
