<wddxPacket version='1.0'><header/><data><recordset rowCount='3' fieldNames='OBJECTID,PARENTID,SITEID,OBJECTLABEL,OBJECTCLASS,OBJECTTYPE,OBJECTSUBTYPE,OBJECTSTRING,DELETEDDATE,DELETEDBY,DELETEID,ORDERNO' type='coldfusion.sql.QueryTable'><field name='OBJECTID'><string>29F3CCD5-C29D-C66D-E282FB735E66FBA7</string><string>2A19D98F-C29D-C66D-E0C18C46D6E86818</string><string>2E151855-C29D-C66D-EA1BB48556A7CC77</string></field><field name='PARENTID'><string>B6BF7400-C29D-C66D-E4F26BF2CF75D60E</string><string>B6BF7400-C29D-C66D-E4F26BF2CF75D60E</string><string>B6BF7400-C29D-C66D-E4F26BF2CF75D60E</string></field><field name='SITEID'><string>muracon</string><string>muracon</string><string>muracon</string></field><field name='OBJECTLABEL'><string>People Are People</string><string>Just Can't Get Enough</string><string>Master of Puppets</string></field><field name='OBJECTCLASS'><string>content</string><string>content</string><string>content</string></field><field name='OBJECTTYPE'><string>Page</string><string>Page</string><string>Page</string></field><field name='OBJECTSUBTYPE'><string>Default</string><string>Default</string><string>Default</string></field><field name='OBJECTSTRING'><string>&lt;wddxPacket version='1.0'&gt;&lt;header/&gt;&lt;data&gt;&lt;struct&gt;&lt;var name='TARGETPARAMS'&gt;&lt;string&gt;&lt;/string&gt;&lt;/var&gt;&lt;var name='PATH'&gt;&lt;string&gt;00000000000000000000000000000000001,B6BF7400-C29D-C66D-E4F26BF2CF75D60E,29F3CCD5-C29D-C66D-E282FB735E66FBA7&lt;/string&gt;&lt;/var&gt;&lt;var name='ERRORS'&gt;&lt;struct&gt;&lt;/struct&gt;&lt;/var&gt;&lt;var name='MENUTITLE'&gt;&lt;string&gt;People Are People&lt;/string&gt;&lt;/var&gt;&lt;var name='RELEASEDATE'&gt;&lt;string&gt;&lt;/string&gt;&lt;/var&gt;&lt;var name='FILEID'&gt;&lt;string&gt;&lt;/string&gt;&lt;/var&gt;&lt;var name='RESPONSESENDTO'&gt;&lt;string&gt;&lt;/string&gt;&lt;/var&gt;&lt;var name='muraDeleteID'&gt;&lt;string&gt;2A18BDEF-C29D-C66D-EC526830CDAEF65D&lt;/string&gt;&lt;/var&gt;&lt;var name='TYPE'&gt;&lt;string&gt;Page&lt;/string&gt;&lt;/var&gt;&lt;var name='LASTUPDATEBYID'&gt;&lt;string&gt;B680F24F-C29D-C66D-E52CD6B45C520187&lt;/string&gt;&lt;/var&gt;&lt;var name='FORCESSL'&gt;&lt;string&gt;0&lt;/string&gt;&lt;/var&gt;&lt;var name='RESPONSEMESSAGE'&gt;&lt;string&gt;&lt;/string&gt;&lt;/var&gt;&lt;var name='SUBTYPE'&gt;&lt;string&gt;Default&lt;/string&gt;&lt;/var&gt;&lt;var name='REMOTEURL'&gt;&lt;string&gt;&lt;/string&gt;&lt;/var&gt;&lt;var name='CONTENTTYPE'&gt;&lt;string&gt;&lt;/string&gt;&lt;/var&gt;&lt;var name='CHILDTEMPLATE'&gt;&lt;string&gt;&lt;/string&gt;&lt;/var&gt;&lt;var name='KEYPOINTS'&gt;&lt;string&gt;&lt;/string&gt;&lt;/var&gt;&lt;var name='MODULEID'&gt;&lt;string&gt;00000000000000000000000000000000000&lt;/string&gt;&lt;/var&gt;&lt;var name='INHERITOBJECTS'&gt;&lt;string&gt;Inherit&lt;/string&gt;&lt;/var&gt;&lt;var name='REMOVEOBJECTS'&gt;&lt;array length='0'&gt;&lt;/array&gt;&lt;/var&gt;&lt;var name='SEARCHEXCLUDE'&gt;&lt;string&gt;0&lt;/string&gt;&lt;/var&gt;&lt;var name='FEATURESTOP'&gt;&lt;string&gt;&lt;/string&gt;&lt;/var&gt;&lt;var name='NEWFILE'&gt;&lt;string&gt;&lt;/string&gt;&lt;/var&gt;&lt;var name='REMOTESOURCEURL'&gt;&lt;string&gt;&lt;/string&gt;&lt;/var&gt;&lt;var name='DISPLAYSTOP'&gt;&lt;string&gt;&lt;/string&gt;&lt;/var&gt;&lt;var name='REMOTESOURCE'&gt;&lt;string&gt;&lt;/string&gt;&lt;/var&gt;&lt;var name='REMOTEPUBDATE'&gt;&lt;string&gt;&lt;/string&gt;&lt;/var&gt;&lt;var name='ISNEW'&gt;&lt;string&gt;0&lt;/string&gt;&lt;/var&gt;&lt;var name='TAGS'&gt;&lt;string&gt;&lt;/string&gt;&lt;/var&gt;&lt;var name='MAJORVERSION'&gt;&lt;string&gt;0&lt;/string&gt;&lt;/var&gt;&lt;var name='EXTENDAUTOCOMPLETE'&gt;&lt;string&gt;true&lt;/string&gt;&lt;/var&gt;&lt;var name='CONTENTSUBTYPE'&gt;&lt;string&gt;&lt;/string&gt;&lt;/var&gt;&lt;var name='ISHOME'&gt;&lt;boolean value='false'/&gt;&lt;/var&gt;&lt;var name='SORTBY'&gt;&lt;string&gt;orderno&lt;/string&gt;&lt;/var&gt;&lt;var name='DISPLAYTITLE'&gt;&lt;string&gt;0&lt;/string&gt;&lt;/var&gt;&lt;var name='APPROVALSTATUS'&gt;&lt;string&gt;&lt;/string&gt;&lt;/var&gt;&lt;var name='CREDITS'&gt;&lt;string&gt;Associated Staff&lt;/string&gt;&lt;/var&gt;&lt;var name='OLDFILENAME'&gt;&lt;string&gt;&lt;/string&gt;&lt;/var&gt;&lt;var name='FEATURESTART'&gt;&lt;string&gt;&lt;/string&gt;&lt;/var&gt;&lt;var name='SITEID'&gt;&lt;string&gt;muracon&lt;/string&gt;&lt;/var&gt;&lt;var name='DOCACHE'&gt;&lt;string&gt;1&lt;/string&gt;&lt;/var&gt;&lt;var name='IMAGESIZE'&gt;&lt;string&gt;small&lt;/string&gt;&lt;/var&gt;&lt;var name='IMAGEWIDTH'&gt;&lt;string&gt;AUTO&lt;/string&gt;&lt;/var&gt;&lt;var name='DEPTH'&gt;&lt;number&gt;2.0&lt;/number&gt;&lt;/var&gt;&lt;var name='TARGET'&gt;&lt;string&gt;_self&lt;/string&gt;&lt;/var&gt;&lt;var name='MINORVERSION'&gt;&lt;string&gt;0&lt;/string&gt;&lt;/var&gt;&lt;var name='APPROVALGROUPID'&gt;&lt;string&gt;&lt;/string&gt;&lt;/var&gt;&lt;var name='ASSOCFILENAME'&gt;&lt;string&gt;&lt;/string&gt;&lt;/var&gt;&lt;var name='objectlist2'&gt;&lt;string&gt;&lt;/string&gt;&lt;/var&gt;&lt;var name='objectlist1'&gt;&lt;string&gt;&lt;/string&gt;&lt;/var&gt;&lt;var name='LASTUPDATE'&gt;&lt;dateTime&gt;2017-02-09T11:36:55-08:00&lt;/dateTime&gt;&lt;/var&gt;&lt;var name='STATUS'&gt;&lt;string&gt;Published&lt;/string&gt;&lt;/var&gt;&lt;var name='objectlist4'&gt;&lt;string&gt;&lt;/string&gt;&lt;/var&gt;&lt;var name='objectlist3'&gt;&lt;string&gt;&lt;/string&gt;&lt;/var&gt;&lt;var name='SUMMARY'&gt;&lt;string&gt;&amp;lt;p&amp;gt;People Are People lyrics...&amp;lt;/p&amp;gt;&lt;/string&gt;&lt;/var&gt;&lt;var name='EXTENDDATATABLE'&gt;&lt;string&gt;tclassextenddata&lt;/string&gt;&lt;/var&gt;&lt;var name='TEMPLATE'&gt;&lt;string&gt;&lt;/string&gt;&lt;/var&gt;&lt;var name='MODULEASSIGN'&gt;&lt;string&gt;&lt;/string&gt;&lt;/var&gt;&lt;var name='objectlist6'&gt;&lt;string&gt;&lt;/string&gt;&lt;/var&gt;&lt;var name='objectlist5'&gt;&lt;string&gt;&lt;/string&gt;&lt;/var&gt;&lt;var name='objectlist8'&gt;&lt;string&gt;&lt;/string&gt;&lt;/var&gt;&lt;var name='DISPLAYSTART'&gt;&lt;string&gt;&lt;/string&gt;&lt;/var&gt;&lt;var name='ISFEATURE'&gt;&lt;string&gt;0&lt;/string&gt;&lt;/var&gt;&lt;var name='objectlist7'&gt;&lt;string&gt;&lt;/string&gt;&lt;/var&gt;&lt;var name='FILESIZE'&gt;&lt;string&gt;&lt;/string&gt;&lt;/var&gt;&lt;var name='APPROVINGCHAINREQUEST'&gt;&lt;string&gt;false&lt;/string&gt;&lt;/var&gt;&lt;var name='CATEGORYID'&gt;&lt;string&gt;&lt;/string&gt;&lt;/var&gt;&lt;var name='OBJECTPARAMS'&gt;&lt;struct&gt;&lt;/struct&gt;&lt;/var&gt;&lt;var name='TCONTENT_ID'&gt;&lt;string&gt;0&lt;/string&gt;&lt;/var&gt;&lt;var name='ISLOCKED'&gt;&lt;string&gt;0&lt;/string&gt;&lt;/var&gt;&lt;var name='ISNAV'&gt;&lt;string&gt;1&lt;/string&gt;&lt;/var&gt;&lt;var name='STATUSID'&gt;&lt;string&gt;2&lt;/string&gt;&lt;/var&gt;&lt;var name='FROMMURACACHE'&gt;&lt;string&gt;false&lt;/string&gt;&lt;/var&gt;&lt;var name='ORDERNO'&gt;&lt;string&gt;1&lt;/string&gt;&lt;/var&gt;&lt;var name='HTMLTITLE'&gt;&lt;string&gt;People Are People&lt;/string&gt;&lt;/var&gt;&lt;var name='URLTITLE'&gt;&lt;string&gt;people-are-people&lt;/string&gt;&lt;/var&gt;&lt;var name='APPROVALCHAINOVERRIDE'&gt;&lt;string&gt;false&lt;/string&gt;&lt;/var&gt;&lt;var name='BODY'&gt;&lt;string&gt;&amp;lt;p&amp;gt;People Are People lyrics...&amp;lt;/p&amp;gt;&lt;/string&gt;&lt;/var&gt;&lt;var name='REQUESTID'&gt;&lt;string&gt;&lt;/string&gt;&lt;/var&gt;&lt;var name='RESTRICTGROUPS'&gt;&lt;string&gt;&lt;/string&gt;&lt;/var&gt;&lt;var name='ACTIVE'&gt;&lt;string&gt;1&lt;/string&gt;&lt;/var&gt;&lt;var name='METADESC'&gt;&lt;string&gt;&lt;/string&gt;&lt;/var&gt;&lt;var name='AUDIENCE'&gt;&lt;string&gt;&lt;/string&gt;&lt;/var&gt;&lt;var name='RESTRICTED'&gt;&lt;string&gt;0&lt;/string&gt;&lt;/var&gt;&lt;var name='METAKEYWORDS'&gt;&lt;string&gt;&lt;/string&gt;&lt;/var&gt;&lt;var name='NEXTN'&gt;&lt;string&gt;10&lt;/string&gt;&lt;/var&gt;&lt;var name='FILEEXT'&gt;&lt;string&gt;&lt;/string&gt;&lt;/var&gt;&lt;var name='muraDeleteDateTime'&gt;&lt;string&gt;{ts '2017-02-09 11:39:53'}&lt;/string&gt;&lt;/var&gt;&lt;var name='ADDOBJECTS'&gt;&lt;array length='0'&gt;&lt;/array&gt;&lt;/var&gt;&lt;var name='NOTES'&gt;&lt;string&gt;&lt;/string&gt;&lt;/var&gt;&lt;var name='DISPLAY'&gt;&lt;string&gt;1&lt;/string&gt;&lt;/var&gt;&lt;var name='CREATED'&gt;&lt;dateTime&gt;2017-02-09T11:36:43-08:00&lt;/dateTime&gt;&lt;/var&gt;&lt;var name='CONTENTHISTID'&gt;&lt;string&gt;29FD795D-C29D-C66D-EA20ADBA7489809F&lt;/string&gt;&lt;/var&gt;&lt;var name='RESPONSEDISPLAYFIELDS'&gt;&lt;string&gt;&lt;/string&gt;&lt;/var&gt;&lt;var name='EXPIRES'&gt;&lt;string&gt;&lt;/string&gt;&lt;/var&gt;&lt;var name='IMAGEHEIGHT'&gt;&lt;string&gt;AUTO&lt;/string&gt;&lt;/var&gt;&lt;var name='categoriesFromMuraTrash'&gt;&lt;recordset rowCount='0' fieldNames='CONTENTHISTID,CATEGORYID,CONTENTID,ISFEATURE,ORDERNO,SITEID,FEATURESTART,FEATURESTOP,NAME,FILENAME,PARENTID,PATH' type='coldfusion.sql.QueryTable'&gt;&lt;field name='CONTENTHISTID'&gt;&lt;/field&gt;&lt;field name='CATEGORYID'&gt;&lt;/field&gt;&lt;field name='CONTENTID'&gt;&lt;/field&gt;&lt;field name='ISFEATURE'&gt;&lt;/field&gt;&lt;field name='ORDERNO'&gt;&lt;/field&gt;&lt;field name='SITEID'&gt;&lt;/field&gt;&lt;field name='FEATURESTART'&gt;&lt;/field&gt;&lt;field name='FEATURESTOP'&gt;&lt;/field&gt;&lt;field name='NAME'&gt;&lt;/field&gt;&lt;field name='FILENAME'&gt;&lt;/field&gt;&lt;field name='PARENTID'&gt;&lt;/field&gt;&lt;field name='PATH'&gt;&lt;/field&gt;&lt;/recordset&gt;&lt;/var&gt;&lt;var name='INSTANCEID'&gt;&lt;string&gt;2A18BE2E-C29D-C66D-E4FABC22CB35D4B5&lt;/string&gt;&lt;/var&gt;&lt;var name='FILENAME'&gt;&lt;string&gt;songs/people-are-people&lt;/string&gt;&lt;/var&gt;&lt;var name='RELATEDCONTENTSETDATA'&gt;&lt;string&gt;&lt;/string&gt;&lt;/var&gt;&lt;var name='SORTDIRECTION'&gt;&lt;string&gt;asc&lt;/string&gt;&lt;/var&gt;&lt;var name='CONTENTID'&gt;&lt;string&gt;29F3CCD5-C29D-C66D-E282FB735E66FBA7&lt;/string&gt;&lt;/var&gt;&lt;var name='CHANGESETID'&gt;&lt;string&gt;&lt;/string&gt;&lt;/var&gt;&lt;var name='DISPLAYINTERVAL'&gt;&lt;string&gt;{"daysofweek":"","endafter":0,"allday":0,"end":"never","endon":"","timezone":"America/Los_Angeles","repeats":1,"detectconflicts":0,"type":"daily","every":1}&lt;/string&gt;&lt;/var&gt;&lt;var name='SOURCEITERATOR'&gt;&lt;string&gt;&lt;/string&gt;&lt;/var&gt;&lt;var name='MOBILEEXCLUDE'&gt;&lt;string&gt;0&lt;/string&gt;&lt;/var&gt;&lt;var name='EXTENDSETID'&gt;&lt;string&gt;&lt;/string&gt;&lt;/var&gt;&lt;var name='REMOTEID'&gt;&lt;string&gt;&lt;/string&gt;&lt;/var&gt;&lt;var name='PARENTID'&gt;&lt;string&gt;B6BF7400-C29D-C66D-E4F26BF2CF75D60E&lt;/string&gt;&lt;/var&gt;&lt;var name='PreserveID'&gt;&lt;string&gt;29FD795D-C29D-C66D-EA20ADBA7489809F&lt;/string&gt;&lt;/var&gt;&lt;var name='TITLE'&gt;&lt;string&gt;People Are People&lt;/string&gt;&lt;/var&gt;&lt;var name='LASTUPDATEBY'&gt;&lt;string&gt;Admin User&lt;/string&gt;&lt;/var&gt;&lt;var name='APPROVED'&gt;&lt;string&gt;1&lt;/string&gt;&lt;/var&gt;&lt;var name='EXTENDDATA'&gt;&lt;string&gt;&lt;/string&gt;&lt;/var&gt;&lt;var name='RESPONSECHART'&gt;&lt;string&gt;0&lt;/string&gt;&lt;/var&gt;&lt;/struct&gt;&lt;/data&gt;&lt;/wddxPacket&gt;</string><string>&lt;wddxPacket version='1.0'&gt;&lt;header/&gt;&lt;data&gt;&lt;struct&gt;&lt;var name='TARGETPARAMS'&gt;&lt;string&gt;&lt;/string&gt;&lt;/var&gt;&lt;var name='PATH'&gt;&lt;string&gt;00000000000000000000000000000000001,B6BF7400-C29D-C66D-E4F26BF2CF75D60E,2A19D98F-C29D-C66D-E0C18C46D6E86818&lt;/string&gt;&lt;/var&gt;&lt;var name='ERRORS'&gt;&lt;struct&gt;&lt;/struct&gt;&lt;/var&gt;&lt;var name='MENUTITLE'&gt;&lt;string&gt;Just Can't Get Enough&lt;/string&gt;&lt;/var&gt;&lt;var name='RELEASEDATE'&gt;&lt;string&gt;&lt;/string&gt;&lt;/var&gt;&lt;var name='FILEID'&gt;&lt;string&gt;&lt;/string&gt;&lt;/var&gt;&lt;var name='RESPONSESENDTO'&gt;&lt;string&gt;&lt;/string&gt;&lt;/var&gt;&lt;var name='muraDeleteID'&gt;&lt;string&gt;2A224090-C29D-C66D-E81DE907391215A8&lt;/string&gt;&lt;/var&gt;&lt;var name='TYPE'&gt;&lt;string&gt;Page&lt;/string&gt;&lt;/var&gt;&lt;var name='LASTUPDATEBYID'&gt;&lt;string&gt;B680F24F-C29D-C66D-E52CD6B45C520187&lt;/string&gt;&lt;/var&gt;&lt;var name='FORCESSL'&gt;&lt;string&gt;0&lt;/string&gt;&lt;/var&gt;&lt;var name='RESPONSEMESSAGE'&gt;&lt;string&gt;&lt;/string&gt;&lt;/var&gt;&lt;var name='SUBTYPE'&gt;&lt;string&gt;Default&lt;/string&gt;&lt;/var&gt;&lt;var name='REMOTEURL'&gt;&lt;string&gt;&lt;/string&gt;&lt;/var&gt;&lt;var name='CONTENTTYPE'&gt;&lt;string&gt;&lt;/string&gt;&lt;/var&gt;&lt;var name='CHILDTEMPLATE'&gt;&lt;string&gt;&lt;/string&gt;&lt;/var&gt;&lt;var name='KEYPOINTS'&gt;&lt;string&gt;&lt;/string&gt;&lt;/var&gt;&lt;var name='MODULEID'&gt;&lt;string&gt;00000000000000000000000000000000000&lt;/string&gt;&lt;/var&gt;&lt;var name='INHERITOBJECTS'&gt;&lt;string&gt;Inherit&lt;/string&gt;&lt;/var&gt;&lt;var name='REMOVEOBJECTS'&gt;&lt;array length='0'&gt;&lt;/array&gt;&lt;/var&gt;&lt;var name='SEARCHEXCLUDE'&gt;&lt;string&gt;0&lt;/string&gt;&lt;/var&gt;&lt;var name='FEATURESTOP'&gt;&lt;string&gt;&lt;/string&gt;&lt;/var&gt;&lt;var name='NEWFILE'&gt;&lt;string&gt;&lt;/string&gt;&lt;/var&gt;&lt;var name='REMOTESOURCEURL'&gt;&lt;string&gt;&lt;/string&gt;&lt;/var&gt;&lt;var name='DISPLAYSTOP'&gt;&lt;string&gt;&lt;/string&gt;&lt;/var&gt;&lt;var name='REMOTESOURCE'&gt;&lt;string&gt;&lt;/string&gt;&lt;/var&gt;&lt;var name='REMOTEPUBDATE'&gt;&lt;string&gt;&lt;/string&gt;&lt;/var&gt;&lt;var name='ISNEW'&gt;&lt;string&gt;0&lt;/string&gt;&lt;/var&gt;&lt;var name='TAGS'&gt;&lt;string&gt;&lt;/string&gt;&lt;/var&gt;&lt;var name='MAJORVERSION'&gt;&lt;string&gt;0&lt;/string&gt;&lt;/var&gt;&lt;var name='EXTENDAUTOCOMPLETE'&gt;&lt;string&gt;true&lt;/string&gt;&lt;/var&gt;&lt;var name='CONTENTSUBTYPE'&gt;&lt;string&gt;&lt;/string&gt;&lt;/var&gt;&lt;var name='ISHOME'&gt;&lt;boolean value='false'/&gt;&lt;/var&gt;&lt;var name='SORTBY'&gt;&lt;string&gt;orderno&lt;/string&gt;&lt;/var&gt;&lt;var name='DISPLAYTITLE'&gt;&lt;string&gt;0&lt;/string&gt;&lt;/var&gt;&lt;var name='APPROVALSTATUS'&gt;&lt;string&gt;&lt;/string&gt;&lt;/var&gt;&lt;var name='CREDITS'&gt;&lt;string&gt;Associated Staff&lt;/string&gt;&lt;/var&gt;&lt;var name='OLDFILENAME'&gt;&lt;string&gt;&lt;/string&gt;&lt;/var&gt;&lt;var name='FEATURESTART'&gt;&lt;string&gt;&lt;/string&gt;&lt;/var&gt;&lt;var name='SITEID'&gt;&lt;string&gt;muracon&lt;/string&gt;&lt;/var&gt;&lt;var name='DOCACHE'&gt;&lt;string&gt;1&lt;/string&gt;&lt;/var&gt;&lt;var name='IMAGESIZE'&gt;&lt;string&gt;small&lt;/string&gt;&lt;/var&gt;&lt;var name='IMAGEWIDTH'&gt;&lt;string&gt;AUTO&lt;/string&gt;&lt;/var&gt;&lt;var name='DEPTH'&gt;&lt;number&gt;2.0&lt;/number&gt;&lt;/var&gt;&lt;var name='TARGET'&gt;&lt;string&gt;_self&lt;/string&gt;&lt;/var&gt;&lt;var name='MINORVERSION'&gt;&lt;string&gt;0&lt;/string&gt;&lt;/var&gt;&lt;var name='APPROVALGROUPID'&gt;&lt;string&gt;&lt;/string&gt;&lt;/var&gt;&lt;var name='ASSOCFILENAME'&gt;&lt;string&gt;&lt;/string&gt;&lt;/var&gt;&lt;var name='objectlist2'&gt;&lt;string&gt;&lt;/string&gt;&lt;/var&gt;&lt;var name='objectlist1'&gt;&lt;string&gt;&lt;/string&gt;&lt;/var&gt;&lt;var name='LASTUPDATE'&gt;&lt;dateTime&gt;2017-02-09T11:40:33-08:00&lt;/dateTime&gt;&lt;/var&gt;&lt;var name='STATUS'&gt;&lt;string&gt;Published&lt;/string&gt;&lt;/var&gt;&lt;var name='objectlist4'&gt;&lt;string&gt;&lt;/string&gt;&lt;/var&gt;&lt;var name='objectlist3'&gt;&lt;string&gt;&lt;/string&gt;&lt;/var&gt;&lt;var name='SUMMARY'&gt;&lt;string&gt;&amp;lt;p&amp;gt;Just Can't Get Enough lyrics...&amp;lt;/p&amp;gt;&lt;/string&gt;&lt;/var&gt;&lt;var name='EXTENDDATATABLE'&gt;&lt;string&gt;tclassextenddata&lt;/string&gt;&lt;/var&gt;&lt;var name='TEMPLATE'&gt;&lt;string&gt;&lt;/string&gt;&lt;/var&gt;&lt;var name='MODULEASSIGN'&gt;&lt;string&gt;&lt;/string&gt;&lt;/var&gt;&lt;var name='objectlist6'&gt;&lt;string&gt;&lt;/string&gt;&lt;/var&gt;&lt;var name='objectlist5'&gt;&lt;string&gt;&lt;/string&gt;&lt;/var&gt;&lt;var name='objectlist8'&gt;&lt;string&gt;&lt;/string&gt;&lt;/var&gt;&lt;var name='DISPLAYSTART'&gt;&lt;string&gt;&lt;/string&gt;&lt;/var&gt;&lt;var name='ISFEATURE'&gt;&lt;string&gt;0&lt;/string&gt;&lt;/var&gt;&lt;var name='objectlist7'&gt;&lt;string&gt;&lt;/string&gt;&lt;/var&gt;&lt;var name='FILESIZE'&gt;&lt;string&gt;&lt;/string&gt;&lt;/var&gt;&lt;var name='APPROVINGCHAINREQUEST'&gt;&lt;string&gt;false&lt;/string&gt;&lt;/var&gt;&lt;var name='CATEGORYID'&gt;&lt;string&gt;&lt;/string&gt;&lt;/var&gt;&lt;var name='OBJECTPARAMS'&gt;&lt;struct&gt;&lt;/struct&gt;&lt;/var&gt;&lt;var name='TCONTENT_ID'&gt;&lt;string&gt;0&lt;/string&gt;&lt;/var&gt;&lt;var name='ISLOCKED'&gt;&lt;string&gt;0&lt;/string&gt;&lt;/var&gt;&lt;var name='ISNAV'&gt;&lt;string&gt;1&lt;/string&gt;&lt;/var&gt;&lt;var name='STATUSID'&gt;&lt;string&gt;2&lt;/string&gt;&lt;/var&gt;&lt;var name='FROMMURACACHE'&gt;&lt;string&gt;false&lt;/string&gt;&lt;/var&gt;&lt;var name='ORDERNO'&gt;&lt;string&gt;1&lt;/string&gt;&lt;/var&gt;&lt;var name='HTMLTITLE'&gt;&lt;string&gt;Just Can't Get Enough&lt;/string&gt;&lt;/var&gt;&lt;var name='URLTITLE'&gt;&lt;string&gt;just-cant-get-enough&lt;/string&gt;&lt;/var&gt;&lt;var name='APPROVALCHAINOVERRIDE'&gt;&lt;string&gt;false&lt;/string&gt;&lt;/var&gt;&lt;var name='BODY'&gt;&lt;string&gt;&amp;lt;p&amp;gt;Just Can't Get Enough lyrics...&amp;lt;/p&amp;gt;&lt;/string&gt;&lt;/var&gt;&lt;var name='REQUESTID'&gt;&lt;string&gt;&lt;/string&gt;&lt;/var&gt;&lt;var name='RESTRICTGROUPS'&gt;&lt;string&gt;&lt;/string&gt;&lt;/var&gt;&lt;var name='ACTIVE'&gt;&lt;string&gt;1&lt;/string&gt;&lt;/var&gt;&lt;var name='METADESC'&gt;&lt;string&gt;&lt;/string&gt;&lt;/var&gt;&lt;var name='AUDIENCE'&gt;&lt;string&gt;&lt;/string&gt;&lt;/var&gt;&lt;var name='RESTRICTED'&gt;&lt;string&gt;0&lt;/string&gt;&lt;/var&gt;&lt;var name='METAKEYWORDS'&gt;&lt;string&gt;&lt;/string&gt;&lt;/var&gt;&lt;var name='NEXTN'&gt;&lt;string&gt;10&lt;/string&gt;&lt;/var&gt;&lt;var name='FILEEXT'&gt;&lt;string&gt;&lt;/string&gt;&lt;/var&gt;&lt;var name='muraDeleteDateTime'&gt;&lt;string&gt;{ts '2017-02-09 11:40:56'}&lt;/string&gt;&lt;/var&gt;&lt;var name='ADDOBJECTS'&gt;&lt;array length='0'&gt;&lt;/array&gt;&lt;/var&gt;&lt;var name='NOTES'&gt;&lt;string&gt;&lt;/string&gt;&lt;/var&gt;&lt;var name='DISPLAY'&gt;&lt;string&gt;1&lt;/string&gt;&lt;/var&gt;&lt;var name='CREATED'&gt;&lt;dateTime&gt;2017-02-09T11:40:27-08:00&lt;/dateTime&gt;&lt;/var&gt;&lt;var name='CONTENTHISTID'&gt;&lt;string&gt;2A1EE0D9-C29D-C66D-E200042371FB6856&lt;/string&gt;&lt;/var&gt;&lt;var name='RESPONSEDISPLAYFIELDS'&gt;&lt;string&gt;&lt;/string&gt;&lt;/var&gt;&lt;var name='EXPIRES'&gt;&lt;string&gt;&lt;/string&gt;&lt;/var&gt;&lt;var name='IMAGEHEIGHT'&gt;&lt;string&gt;AUTO&lt;/string&gt;&lt;/var&gt;&lt;var name='categoriesFromMuraTrash'&gt;&lt;recordset rowCount='0' fieldNames='CONTENTHISTID,CATEGORYID,CONTENTID,ISFEATURE,ORDERNO,SITEID,FEATURESTART,FEATURESTOP,NAME,FILENAME,PARENTID,PATH' type='coldfusion.sql.QueryTable'&gt;&lt;field name='CONTENTHISTID'&gt;&lt;/field&gt;&lt;field name='CATEGORYID'&gt;&lt;/field&gt;&lt;field name='CONTENTID'&gt;&lt;/field&gt;&lt;field name='ISFEATURE'&gt;&lt;/field&gt;&lt;field name='ORDERNO'&gt;&lt;/field&gt;&lt;field name='SITEID'&gt;&lt;/field&gt;&lt;field name='FEATURESTART'&gt;&lt;/field&gt;&lt;field name='FEATURESTOP'&gt;&lt;/field&gt;&lt;field name='NAME'&gt;&lt;/field&gt;&lt;field name='FILENAME'&gt;&lt;/field&gt;&lt;field name='PARENTID'&gt;&lt;/field&gt;&lt;field name='PATH'&gt;&lt;/field&gt;&lt;/recordset&gt;&lt;/var&gt;&lt;var name='INSTANCEID'&gt;&lt;string&gt;2A2240B1-C29D-C66D-E9885BF5469CBDE8&lt;/string&gt;&lt;/var&gt;&lt;var name='FILENAME'&gt;&lt;string&gt;songs/just-cant-get-enough&lt;/string&gt;&lt;/var&gt;&lt;var name='RELATEDCONTENTSETDATA'&gt;&lt;string&gt;&lt;/string&gt;&lt;/var&gt;&lt;var name='SORTDIRECTION'&gt;&lt;string&gt;asc&lt;/string&gt;&lt;/var&gt;&lt;var name='CONTENTID'&gt;&lt;string&gt;2A19D98F-C29D-C66D-E0C18C46D6E86818&lt;/string&gt;&lt;/var&gt;&lt;var name='CHANGESETID'&gt;&lt;string&gt;&lt;/string&gt;&lt;/var&gt;&lt;var name='DISPLAYINTERVAL'&gt;&lt;string&gt;{"daysofweek":"","endafter":0,"allday":0,"end":"never","endon":"","timezone":"America/Los_Angeles","repeats":1,"detectconflicts":0,"type":"daily","every":1}&lt;/string&gt;&lt;/var&gt;&lt;var name='SOURCEITERATOR'&gt;&lt;string&gt;&lt;/string&gt;&lt;/var&gt;&lt;var name='MOBILEEXCLUDE'&gt;&lt;string&gt;0&lt;/string&gt;&lt;/var&gt;&lt;var name='EXTENDSETID'&gt;&lt;string&gt;&lt;/string&gt;&lt;/var&gt;&lt;var name='REMOTEID'&gt;&lt;string&gt;&lt;/string&gt;&lt;/var&gt;&lt;var name='PARENTID'&gt;&lt;string&gt;B6BF7400-C29D-C66D-E4F26BF2CF75D60E&lt;/string&gt;&lt;/var&gt;&lt;var name='PreserveID'&gt;&lt;string&gt;2A1EE0D9-C29D-C66D-E200042371FB6856&lt;/string&gt;&lt;/var&gt;&lt;var name='TITLE'&gt;&lt;string&gt;Just Can't Get Enough&lt;/string&gt;&lt;/var&gt;&lt;var name='LASTUPDATEBY'&gt;&lt;string&gt;Admin User&lt;/string&gt;&lt;/var&gt;&lt;var name='APPROVED'&gt;&lt;string&gt;1&lt;/string&gt;&lt;/var&gt;&lt;var name='EXTENDDATA'&gt;&lt;string&gt;&lt;/string&gt;&lt;/var&gt;&lt;var name='RESPONSECHART'&gt;&lt;string&gt;0&lt;/string&gt;&lt;/var&gt;&lt;/struct&gt;&lt;/data&gt;&lt;/wddxPacket&gt;</string><string>&lt;wddxPacket version='1.0'&gt;&lt;header/&gt;&lt;data&gt;&lt;struct&gt;&lt;var name='TARGETPARAMS'&gt;&lt;string&gt;&lt;/string&gt;&lt;/var&gt;&lt;var name='PATH'&gt;&lt;string&gt;00000000000000000000000000000000001,B6BF7400-C29D-C66D-E4F26BF2CF75D60E,2E151855-C29D-C66D-EA1BB48556A7CC77&lt;/string&gt;&lt;/var&gt;&lt;var name='ERRORS'&gt;&lt;struct&gt;&lt;/struct&gt;&lt;/var&gt;&lt;var name='MENUTITLE'&gt;&lt;string&gt;Master of Puppets&lt;/string&gt;&lt;/var&gt;&lt;var name='RELEASEDATE'&gt;&lt;string&gt;&lt;/string&gt;&lt;/var&gt;&lt;var name='FILEID'&gt;&lt;string&gt;&lt;/string&gt;&lt;/var&gt;&lt;var name='RESPONSESENDTO'&gt;&lt;string&gt;&lt;/string&gt;&lt;/var&gt;&lt;var name='muraDeleteID'&gt;&lt;string&gt;3017E035-C29D-C66D-E26EA42E48DBC199&lt;/string&gt;&lt;/var&gt;&lt;var name='TYPE'&gt;&lt;string&gt;Page&lt;/string&gt;&lt;/var&gt;&lt;var name='LASTUPDATEBYID'&gt;&lt;string&gt;B680F24F-C29D-C66D-E52CD6B45C520187&lt;/string&gt;&lt;/var&gt;&lt;var name='FORCESSL'&gt;&lt;string&gt;0&lt;/string&gt;&lt;/var&gt;&lt;var name='RESPONSEMESSAGE'&gt;&lt;string&gt;&lt;/string&gt;&lt;/var&gt;&lt;var name='SUBTYPE'&gt;&lt;string&gt;Default&lt;/string&gt;&lt;/var&gt;&lt;var name='REMOTEURL'&gt;&lt;string&gt;&lt;/string&gt;&lt;/var&gt;&lt;var name='CONTENTTYPE'&gt;&lt;string&gt;&lt;/string&gt;&lt;/var&gt;&lt;var name='CHILDTEMPLATE'&gt;&lt;string&gt;&lt;/string&gt;&lt;/var&gt;&lt;var name='KEYPOINTS'&gt;&lt;string&gt;&lt;/string&gt;&lt;/var&gt;&lt;var name='MODULEID'&gt;&lt;string&gt;00000000000000000000000000000000000&lt;/string&gt;&lt;/var&gt;&lt;var name='INHERITOBJECTS'&gt;&lt;string&gt;Inherit&lt;/string&gt;&lt;/var&gt;&lt;var name='REMOVEOBJECTS'&gt;&lt;array length='0'&gt;&lt;/array&gt;&lt;/var&gt;&lt;var name='SEARCHEXCLUDE'&gt;&lt;string&gt;0&lt;/string&gt;&lt;/var&gt;&lt;var name='FEATURESTOP'&gt;&lt;string&gt;&lt;/string&gt;&lt;/var&gt;&lt;var name='NEWFILE'&gt;&lt;string&gt;&lt;/string&gt;&lt;/var&gt;&lt;var name='REMOTESOURCEURL'&gt;&lt;string&gt;&lt;/string&gt;&lt;/var&gt;&lt;var name='DISPLAYSTOP'&gt;&lt;string&gt;&lt;/string&gt;&lt;/var&gt;&lt;var name='REMOTESOURCE'&gt;&lt;string&gt;&lt;/string&gt;&lt;/var&gt;&lt;var name='REMOTEPUBDATE'&gt;&lt;string&gt;&lt;/string&gt;&lt;/var&gt;&lt;var name='ISNEW'&gt;&lt;string&gt;0&lt;/string&gt;&lt;/var&gt;&lt;var name='TAGS'&gt;&lt;string&gt;&lt;/string&gt;&lt;/var&gt;&lt;var name='MAJORVERSION'&gt;&lt;string&gt;0&lt;/string&gt;&lt;/var&gt;&lt;var name='EXTENDAUTOCOMPLETE'&gt;&lt;string&gt;true&lt;/string&gt;&lt;/var&gt;&lt;var name='CONTENTSUBTYPE'&gt;&lt;string&gt;&lt;/string&gt;&lt;/var&gt;&lt;var name='ISHOME'&gt;&lt;boolean value='false'/&gt;&lt;/var&gt;&lt;var name='SORTBY'&gt;&lt;string&gt;orderno&lt;/string&gt;&lt;/var&gt;&lt;var name='DISPLAYTITLE'&gt;&lt;string&gt;0&lt;/string&gt;&lt;/var&gt;&lt;var name='APPROVALSTATUS'&gt;&lt;string&gt;&lt;/string&gt;&lt;/var&gt;&lt;var name='CREDITS'&gt;&lt;string&gt;Associated Staff&lt;/string&gt;&lt;/var&gt;&lt;var name='OLDFILENAME'&gt;&lt;string&gt;&lt;/string&gt;&lt;/var&gt;&lt;var name='FEATURESTART'&gt;&lt;string&gt;&lt;/string&gt;&lt;/var&gt;&lt;var name='SITEID'&gt;&lt;string&gt;muracon&lt;/string&gt;&lt;/var&gt;&lt;var name='DOCACHE'&gt;&lt;string&gt;1&lt;/string&gt;&lt;/var&gt;&lt;var name='IMAGESIZE'&gt;&lt;string&gt;small&lt;/string&gt;&lt;/var&gt;&lt;var name='IMAGEWIDTH'&gt;&lt;string&gt;AUTO&lt;/string&gt;&lt;/var&gt;&lt;var name='DEPTH'&gt;&lt;number&gt;2.0&lt;/number&gt;&lt;/var&gt;&lt;var name='TARGET'&gt;&lt;string&gt;_self&lt;/string&gt;&lt;/var&gt;&lt;var name='MINORVERSION'&gt;&lt;string&gt;0&lt;/string&gt;&lt;/var&gt;&lt;var name='APPROVALGROUPID'&gt;&lt;string&gt;&lt;/string&gt;&lt;/var&gt;&lt;var name='ASSOCFILENAME'&gt;&lt;string&gt;&lt;/string&gt;&lt;/var&gt;&lt;var name='objectlist2'&gt;&lt;string&gt;&lt;/string&gt;&lt;/var&gt;&lt;var name='objectlist1'&gt;&lt;string&gt;&lt;/string&gt;&lt;/var&gt;&lt;var name='LASTUPDATE'&gt;&lt;dateTime&gt;2017-02-09T13:42:08-08:00&lt;/dateTime&gt;&lt;/var&gt;&lt;var name='STATUS'&gt;&lt;string&gt;Published&lt;/string&gt;&lt;/var&gt;&lt;var name='objectlist4'&gt;&lt;string&gt;&lt;/string&gt;&lt;/var&gt;&lt;var name='objectlist3'&gt;&lt;string&gt;&lt;/string&gt;&lt;/var&gt;&lt;var name='SUMMARY'&gt;&lt;string&gt;&lt;/string&gt;&lt;/var&gt;&lt;var name='EXTENDDATATABLE'&gt;&lt;string&gt;tclassextenddata&lt;/string&gt;&lt;/var&gt;&lt;var name='TEMPLATE'&gt;&lt;string&gt;&lt;/string&gt;&lt;/var&gt;&lt;var name='MODULEASSIGN'&gt;&lt;string&gt;&lt;/string&gt;&lt;/var&gt;&lt;var name='objectlist6'&gt;&lt;string&gt;&lt;/string&gt;&lt;/var&gt;&lt;var name='objectlist5'&gt;&lt;string&gt;&lt;/string&gt;&lt;/var&gt;&lt;var name='objectlist8'&gt;&lt;string&gt;&lt;/string&gt;&lt;/var&gt;&lt;var name='DISPLAYSTART'&gt;&lt;string&gt;&lt;/string&gt;&lt;/var&gt;&lt;var name='ISFEATURE'&gt;&lt;string&gt;0&lt;/string&gt;&lt;/var&gt;&lt;var name='objectlist7'&gt;&lt;string&gt;&lt;/string&gt;&lt;/var&gt;&lt;var name='FILESIZE'&gt;&lt;string&gt;&lt;/string&gt;&lt;/var&gt;&lt;var name='APPROVINGCHAINREQUEST'&gt;&lt;string&gt;false&lt;/string&gt;&lt;/var&gt;&lt;var name='CATEGORYID'&gt;&lt;string&gt;&lt;/string&gt;&lt;/var&gt;&lt;var name='OBJECTPARAMS'&gt;&lt;struct&gt;&lt;/struct&gt;&lt;/var&gt;&lt;var name='TCONTENT_ID'&gt;&lt;string&gt;0&lt;/string&gt;&lt;/var&gt;&lt;var name='ISLOCKED'&gt;&lt;string&gt;0&lt;/string&gt;&lt;/var&gt;&lt;var name='ISNAV'&gt;&lt;string&gt;1&lt;/string&gt;&lt;/var&gt;&lt;var name='STATUSID'&gt;&lt;string&gt;2&lt;/string&gt;&lt;/var&gt;&lt;var name='FROMMURACACHE'&gt;&lt;string&gt;false&lt;/string&gt;&lt;/var&gt;&lt;var name='ORDERNO'&gt;&lt;string&gt;1&lt;/string&gt;&lt;/var&gt;&lt;var name='HTMLTITLE'&gt;&lt;string&gt;Master of Puppets&lt;/string&gt;&lt;/var&gt;&lt;var name='URLTITLE'&gt;&lt;string&gt;master-of-puppets&lt;/string&gt;&lt;/var&gt;&lt;var name='APPROVALCHAINOVERRIDE'&gt;&lt;string&gt;false&lt;/string&gt;&lt;/var&gt;&lt;var name='BODY'&gt;&lt;string&gt;&lt;/string&gt;&lt;/var&gt;&lt;var name='REQUESTID'&gt;&lt;string&gt;&lt;/string&gt;&lt;/var&gt;&lt;var name='RESTRICTGROUPS'&gt;&lt;string&gt;&lt;/string&gt;&lt;/var&gt;&lt;var name='ACTIVE'&gt;&lt;string&gt;1&lt;/string&gt;&lt;/var&gt;&lt;var name='METADESC'&gt;&lt;string&gt;&lt;/string&gt;&lt;/var&gt;&lt;var name='AUDIENCE'&gt;&lt;string&gt;&lt;/string&gt;&lt;/var&gt;&lt;var name='RESTRICTED'&gt;&lt;string&gt;0&lt;/string&gt;&lt;/var&gt;&lt;var name='METAKEYWORDS'&gt;&lt;string&gt;&lt;/string&gt;&lt;/var&gt;&lt;var name='NEXTN'&gt;&lt;string&gt;10&lt;/string&gt;&lt;/var&gt;&lt;var name='FILEEXT'&gt;&lt;string&gt;&lt;/string&gt;&lt;/var&gt;&lt;var name='muraDeleteDateTime'&gt;&lt;string&gt;{ts '2017-02-09 17:09:17'}&lt;/string&gt;&lt;/var&gt;&lt;var name='ADDOBJECTS'&gt;&lt;array length='0'&gt;&lt;/array&gt;&lt;/var&gt;&lt;var name='NOTES'&gt;&lt;string&gt;&lt;/string&gt;&lt;/var&gt;&lt;var name='DISPLAY'&gt;&lt;string&gt;1&lt;/string&gt;&lt;/var&gt;&lt;var name='CREATED'&gt;&lt;dateTime&gt;2017-02-09T13:39:47-08:00&lt;/dateTime&gt;&lt;/var&gt;&lt;var name='CONTENTHISTID'&gt;&lt;string&gt;2E2DF5D8-C29D-C66D-EA31EB4D7FA32BBE&lt;/string&gt;&lt;/var&gt;&lt;var name='RESPONSEDISPLAYFIELDS'&gt;&lt;string&gt;&lt;/string&gt;&lt;/var&gt;&lt;var name='EXPIRES'&gt;&lt;string&gt;&lt;/string&gt;&lt;/var&gt;&lt;var name='IMAGEHEIGHT'&gt;&lt;string&gt;AUTO&lt;/string&gt;&lt;/var&gt;&lt;var name='categoriesFromMuraTrash'&gt;&lt;recordset rowCount='0' fieldNames='CONTENTHISTID,CATEGORYID,CONTENTID,ISFEATURE,ORDERNO,SITEID,FEATURESTART,FEATURESTOP,NAME,FILENAME,PARENTID,PATH' type='coldfusion.sql.QueryTable'&gt;&lt;field name='CONTENTHISTID'&gt;&lt;/field&gt;&lt;field name='CATEGORYID'&gt;&lt;/field&gt;&lt;field name='CONTENTID'&gt;&lt;/field&gt;&lt;field name='ISFEATURE'&gt;&lt;/field&gt;&lt;field name='ORDERNO'&gt;&lt;/field&gt;&lt;field name='SITEID'&gt;&lt;/field&gt;&lt;field name='FEATURESTART'&gt;&lt;/field&gt;&lt;field name='FEATURESTOP'&gt;&lt;/field&gt;&lt;field name='NAME'&gt;&lt;/field&gt;&lt;field name='FILENAME'&gt;&lt;/field&gt;&lt;field name='PARENTID'&gt;&lt;/field&gt;&lt;field name='PATH'&gt;&lt;/field&gt;&lt;/recordset&gt;&lt;/var&gt;&lt;var name='INSTANCEID'&gt;&lt;string&gt;3017E04E-C29D-C66D-EEDC8EAA4A814DFC&lt;/string&gt;&lt;/var&gt;&lt;var name='FILENAME'&gt;&lt;string&gt;songs/master-of-puppets&lt;/string&gt;&lt;/var&gt;&lt;var name='RELATEDCONTENTSETDATA'&gt;&lt;string&gt;&lt;/string&gt;&lt;/var&gt;&lt;var name='SORTDIRECTION'&gt;&lt;string&gt;asc&lt;/string&gt;&lt;/var&gt;&lt;var name='CONTENTID'&gt;&lt;string&gt;2E151855-C29D-C66D-EA1BB48556A7CC77&lt;/string&gt;&lt;/var&gt;&lt;var name='CHANGESETID'&gt;&lt;string&gt;&lt;/string&gt;&lt;/var&gt;&lt;var name='DISPLAYINTERVAL'&gt;&lt;string&gt;{"daysofweek":"","endafter":0,"allday":0,"end":"never","endon":"","timezone":"America/Los_Angeles","repeats":1,"detectconflicts":0,"type":"daily","every":1}&lt;/string&gt;&lt;/var&gt;&lt;var name='SOURCEITERATOR'&gt;&lt;string&gt;&lt;/string&gt;&lt;/var&gt;&lt;var name='MOBILEEXCLUDE'&gt;&lt;string&gt;0&lt;/string&gt;&lt;/var&gt;&lt;var name='EXTENDSETID'&gt;&lt;string&gt;&lt;/string&gt;&lt;/var&gt;&lt;var name='REMOTEID'&gt;&lt;string&gt;&lt;/string&gt;&lt;/var&gt;&lt;var name='PARENTID'&gt;&lt;string&gt;B6BF7400-C29D-C66D-E4F26BF2CF75D60E&lt;/string&gt;&lt;/var&gt;&lt;var name='PreserveID'&gt;&lt;string&gt;2E2DF5D8-C29D-C66D-EA31EB4D7FA32BBE&lt;/string&gt;&lt;/var&gt;&lt;var name='TITLE'&gt;&lt;string&gt;Master of Puppets&lt;/string&gt;&lt;/var&gt;&lt;var name='LASTUPDATEBY'&gt;&lt;string&gt;Admin User&lt;/string&gt;&lt;/var&gt;&lt;var name='APPROVED'&gt;&lt;string&gt;1&lt;/string&gt;&lt;/var&gt;&lt;var name='EXTENDDATA'&gt;&lt;string&gt;&lt;/string&gt;&lt;/var&gt;&lt;var name='RESPONSECHART'&gt;&lt;string&gt;0&lt;/string&gt;&lt;/var&gt;&lt;/struct&gt;&lt;/data&gt;&lt;/wddxPacket&gt;</string></field><field name='DELETEDDATE'><dateTime>2017-02-09T11:39:53-08:00</dateTime><dateTime>2017-02-09T11:40:56-08:00</dateTime><dateTime>2017-02-09T17:09:17-08:00</dateTime></field><field name='DELETEDBY'><string>Admin User</string><string>Admin User</string><string>Admin User</string></field><field name='DELETEID'><string>2A18BDEF-C29D-C66D-EC526830CDAEF65D</string><string>2A224090-C29D-C66D-E81DE907391215A8</string><string>3017E035-C29D-C66D-E26EA42E48DBC199</string></field><field name='ORDERNO'><number>1.0</number><number>1.0</number><number>1.0</number></field></recordset></data></wddxPacket>
