<wddxPacket version='1.0'><header/><data><recordset rowCount='88' fieldNames='SITEID,ARCHIVEID,CONTENTID,FILENAME' type='coldfusion.sql.QueryTable'><field name='SITEID'><string>muracon</string><string>muracon</string><string>muracon</string><string>muracon</string><string>muracon</string><string>muracon</string><string>muracon</string><string>muracon</string><string>muracon</string><string>muracon</string><string>muracon</string><string>muracon</string><string>muracon</string><string>muracon</string><string>muracon</string><string>muracon</string><string>muracon</string><string>muracon</string><string>muracon</string><string>muracon</string><string>default</string><string>default</string><string>default</string><string>default</string><string>default</string><string>default</string><string>default</string><string>muracon</string><string>muracon</string><string>muracon</string><string>muracon</string><string>muracon</string><string>muracon</string><string>muracon</string><string>muracon</string><string>muracon</string><string>muracon</string><string>muracon</string><string>muracon</string><string>muracon</string><string>muracon</string><string>muracon</string><string>muracon</string><string>muracon</string><string>muracon</string><string>muracon</string><string>muracon</string><string>muracon</string><string>muracon</string><string>muracon</string><string>muracon</string><string>muracon</string><string>muracon</string><string>muracon</string><string>muracon</string><string>muracon</string><string>muracon</string><string>muracon</string><string>muracon</string><string>muracon</string><string>muracon</string><string>muracon</string><string>muracon</string><string>muracon</string><string>muracon</string><string>muracon</string><string>muracon</string><string>muracon</string><string>muracon</string><string>muracon</string><string>muracon</string><string>muracon</string><string>muracon</string><string>muracon</string><string>muracon</string><string>muracon</string><string>muracon</string><string>muracon</string><string>muracon</string><string>muracon</string><string>muracon</string><string>muracon</string><string>muracon</string><string>muracon</string><string>muracon</string><string>muracon</string><string>muracon</string><string>muracon</string></field><field name='ARCHIVEID'><string>0BDF06FE-C29D-C66D-E1E72902D6E171F1</string><string>0BE178E1-C29D-C66D-EC8936DFB0DB814E</string><string>29FBC722-C29D-C66D-E970EE37D18CEE4F</string><string>2A0442E0-C29D-C66D-E63C4E0682071C9F</string><string>2A0F7867-C29D-C66D-E3DD90DE1ADE7DDE</string><string>2A0F7FAB-C29D-C66D-E52949569FE10D5F</string><string>2A0F8BB2-C29D-C66D-E8A7C6A92F12FCF9</string><string>2A0F9285-C29D-C66D-ED088A1DA2F92DCF</string><string>2A0F99C6-C29D-C66D-EFA8ABE975CCF74D</string><string>2A0FA12F-C29D-C66D-E5207D7DFC7C934A</string><string>2A1DF006-C29D-C66D-E81D6BD4FAAE285A</string><string>2E18790A-C29D-C66D-ECBB1B5F1DDBF6E4</string><string>301CEB00-C29D-C66D-E1E5987E7A184B84</string><string>309B650B-C29D-C66D-E60D68D0573F76D2</string><string>31F1149A-C29D-C66D-E065FB12AFF94AED</string><string>9C346CE9-C29D-C66D-E4485A80AD12CB56</string><string>9C3702D9-C29D-C66D-EBB9B0C275EE3D02</string><string>9C410D25-C29D-C66D-E2641B5A874C2D63</string><string>9F0C066A-C29D-C66D-E20FFBA795B2953D</string><string>A4082521-C29D-C66D-E7A0F8765F7644C8</string><string>B695DE96-C29D-C66D-ED3C7E929B67638D</string><string>B69BF88F-C29D-C66D-E0E1FBCF22D69555</string><string>B69EE609-C29D-C66D-EBAE51BFF933E5BB</string><string>B6A18F4A-C29D-C66D-E848905B3DEAB45F</string><string>B6A4EA84-C29D-C66D-EF26B91A5F319775</string><string>B6A7FE27-C29D-C66D-E8B904F301F37C49</string><string>B6ABDCD9-C29D-C66D-E8F79E6B63ECE9E7</string><string>B6C3BE76-C29D-C66D-E7A656B121D2A633</string><string>B6C6B02F-C29D-C66D-E68683C0429C90E3</string><string>B6C97B91-C29D-C66D-EB586A76580EC55D</string><string>B6CC6C96-C29D-C66D-E9D389D136BB604D</string><string>B6CEFB29-C29D-C66D-E7CD51D457A65722</string><string>B6D1BC88-C29D-C66D-E50F26E8064F335E</string><string>B6D4F4C4-C29D-C66D-E65E6FB740E78A0C</string><string>B6D801C8-C29D-C66D-E9BB5C59EA6C3301</string><string>B6DB26C3-C29D-C66D-E88820C63ABA809F</string><string>B6DED746-C29D-C66D-E9E08EC8A5CF3767</string><string>B6E2C561-C29D-C66D-E4A2C494542ED38D</string><string>B6E5417B-C29D-C66D-E3FFA42072751FA4</string><string>B6E90753-C29D-C66D-EF19825C7AD68D4B</string><string>B6EB8224-C29D-C66D-EC9C9BF4EAFE4731</string><string>B6EEA138-C29D-C66D-E73EFE572F7765E3</string><string>B6F483BC-C29D-C66D-E06CE32504EE932E</string><string>B6F7799D-C29D-C66D-E28C16EC532ECEB1</string><string>B6F9D744-C29D-C66D-EC8B56EAF92E5A14</string><string>B704BC4C-C29D-C66D-EEA767257FFE0172</string><string>B7077D87-C29D-C66D-E71763A642BA9D29</string><string>B70A32CF-C29D-C66D-EE05199D246E2074</string><string>B70D152B-C29D-C66D-E368922BB20EB503</string><string>B7150734-C29D-C66D-EE0A03A87662AB86</string><string>B71CFA34-C29D-C66D-E7FC64EFFB220BC9</string><string>B72032DD-C29D-C66D-EDE5C480A036CD09</string><string>B7253749-C29D-C66D-EEABF910758104BC</string><string>B72835A3-C29D-C66D-E092684CA2045E7A</string><string>B72F244F-C29D-C66D-EC07651D978D6569</string><string>B7362469-C29D-C66D-E688421EC96DE2C9</string><string>B73A521D-C29D-C66D-EB62F3E6F15F49D6</string><string>B741B1C9-C29D-C66D-EFCE0A55DD65CEF4</string><string>B74626F3-C29D-C66D-E0014CB120CE9C1D</string><string>B748E6BF-C29D-C66D-EC4A2E996EC6C6DB</string><string>B752D5B6-C29D-C66D-E5378009571A0870</string><string>B75DFFBB-C29D-C66D-E4C93F5E57E20E1D</string><string>B7604208-C29D-C66D-E8FC6C00972EFA9B</string><string>B7631C22-C29D-C66D-E6FAC2EBE83BC1A6</string><string>B767350C-C29D-C66D-EB8BE6BB6860D753</string><string>B7695E28-C29D-C66D-EAACB52629429432</string><string>B76CBC39-C29D-C66D-EB69EF428075E741</string><string>B76FF30A-C29D-C66D-E45EA1929996B3BE</string><string>B7732778-C29D-C66D-EA2516E8538E943C</string><string>B775DE01-C29D-C66D-EDB3FA338144816B</string><string>B7792A5B-C29D-C66D-E611C8103D38066B</string><string>B77C17ED-C29D-C66D-E08FE62F33EE3382</string><string>B77E8B4E-C29D-C66D-E1B0CEAA677D09B3</string><string>B7833E3B-C29D-C66D-EB94C12A3BB51E50</string><string>B7897E99-C29D-C66D-EA89B0CE2AFD83ED</string><string>B78BF59B-C29D-C66D-EAC6D2308F61C2B0</string><string>B78ED501-C29D-C66D-EC751D24AA1F8E11</string><string>B7915DA6-C29D-C66D-EF990316C3ECF96C</string><string>B7977F5F-C29D-C66D-E163220FE5CCFF0F</string><string>B79A93D6-C29D-C66D-E47A99D6E148224D</string><string>B79E56D8-C29D-C66D-EBBF3129469EE1F4</string><string>B7A5DC20-C29D-C66D-E018C83910FC025E</string><string>B7A9A385-C29D-C66D-ECDDDBA8BDB4E327</string><string>B7ACB742-C29D-C66D-EEEB031D360FBF07</string><string>B7B15DD8-C29D-C66D-E12334AB53A98E3E</string><string>B7B97455-C29D-C66D-E54527FF70D6B1E0</string><string>B7BD5E42-C29D-C66D-E9935DB362308273</string><string>B8B9AF00-C29D-C66D-E3331B231BE3C06C</string></field><field name='CONTENTID'><string>0BDA7E9B-C29D-C66D-E3E222D4E01BB409</string><string>00000000000000000000000000000000001</string><string>29F3CCD5-C29D-C66D-E282FB735E66FBA7</string><string>B6BF7989-C29D-C66D-E4021FF16C1FCFAF</string><string>B6BF795F-C29D-C66D-EB62B8144C7FF628</string><string>B6BF7919-C29D-C66D-EC4D3DCAE6D1E6C1</string><string>B6BF78C9-C29D-C66D-E31A82EC5674629E</string><string>B6BF756C-C29D-C66D-E3F08337703D5438</string><string>B6BF752A-C29D-C66D-E8A49300D3111261</string><string>B6BF7400-C29D-C66D-E4F26BF2CF75D60E</string><string>2A19D98F-C29D-C66D-E0C18C46D6E86818</string><string>2E151855-C29D-C66D-EA1BB48556A7CC77</string><string>301B4E8E-C29D-C66D-ED8182DEA8954E1C</string><string>301F4915-C29D-C66D-E8F61B7A7D06178A</string><string>31E76DD4-C29D-C66D-E86D8D4E728A0C82</string><string>301F4915-C29D-C66D-E8F61B7A7D06178A</string><string>31E76DD4-C29D-C66D-E86D8D4E728A0C82</string><string>9C3B5E17-C29D-C66D-E9887EE7C956882A</string><string>9F05732F-C29D-C66D-E3F588105EBE3F93</string><string>A404CE9F-C29D-C66D-E5A8DDB905A34FA2</string><string>B6936B3F-C29D-C66D-ECD8C1580F688813</string><string>B698DD20-C29D-C66D-EC878D26C5D125A9</string><string>B69D1B8E-C29D-C66D-E97662856CF7A360</string><string>B69FF5D8-C29D-C66D-E1CF35455C1C37DA</string><string>B6A30825-C29D-C66D-EC4127A7386129FF</string><string>B6A6286C-C29D-C66D-EFA23C47F36707E9</string><string>B6A92D4E-C29D-C66D-E14E5745672E299B</string><string>B6C1FE8B-C29D-C66D-ED370319740C2675</string><string>B6C4E52F-C29D-C66D-EEC60C2B4F722213</string><string>B6C7B713-C29D-C66D-E4EE571F26A9D6D5</string><string>B6CA8D8C-C29D-C66D-EE8B4C95A2A557EB</string><string>B6CD8199-C29D-C66D-EE7D5C3EB02EB596</string><string>B6CFFC12-C29D-C66D-ED365E693E4E64B9</string><string>B6D2B2A0-C29D-C66D-ED769677CEBA0067</string><string>B6D60DFD-C29D-C66D-E7BE71A8716D6AF0</string><string>B6D94201-C29D-C66D-E82666BA4FBD2661</string><string>B6DD1D57-C29D-C66D-EE9718CA82289448</string><string>B6DFF247-C29D-C66D-E195E94833FE434E</string><string>B6E3B05F-C29D-C66D-EA8C6380CDA75CE5</string><string>B6E636BE-C29D-C66D-EB66CC34A187FE7A</string><string>B6EA0332-C29D-C66D-EEC2B704E4C97465</string><string>B6ECDA7D-C29D-C66D-EE78D823C19CED03</string><string>B6F27E9D-C29D-C66D-EB2F395B52522F67</string><string>B6F577B6-C29D-C66D-E2CEF338CD1F8D73</string><string>B6F88263-C29D-C66D-E2E4D29FFB724424</string><string>B701EB4E-C29D-C66D-E63740B5B3D4E59A</string><string>B705BC71-C29D-C66D-E7884E0F7D396D9B</string><string>B7087643-C29D-C66D-EA16B55C25AA8ABA</string><string>B70B3422-C29D-C66D-E8326C4C2D3CC7C2</string><string>B70E1539-C29D-C66D-EB05EBBDC38A4D97</string><string>B7183BB8-C29D-C66D-E4496A4ECCEC688C</string><string>B71E386C-C29D-C66D-E9002597F28043D9</string><string>B7217CD8-C29D-C66D-E7B4A2D6CCED43F7</string><string>B7267EB8-C29D-C66D-E29460D976CE0062</string><string>B7292738-C29D-C66D-E17F630762FB6D42</string><string>B730D3E2-C29D-C66D-E88E11AC794AE812</string><string>B7371569-C29D-C66D-E586F644712CD97E</string><string>B73F668E-C29D-C66D-E5F77B629108B31C</string><string>B742CA98-C29D-C66D-E4035CE56AC7622A</string><string>B74715BE-C29D-C66D-E52D32A83622FAAA</string><string>B74A3655-C29D-C66D-E27DF165C29912FF</string><string>B753FDF8-C29D-C66D-E36031CF44CE2EAB</string><string>B75EE87D-C29D-C66D-E4C86D141B8196D8</string><string>B76136D8-C29D-C66D-EFD81D86AF7287AA</string><string>B764D2BF-C29D-C66D-E510010B08CDCC08</string><string>B768184C-C29D-C66D-E9B185AEA27CFC00</string><string>B76ABEE1-C29D-C66D-EFC7767F4E3F809D</string><string>B76DD6F5-C29D-C66D-E2149181929E0C8A</string><string>B7715CEA-C29D-C66D-E22C8BBE5AA60D39</string><string>B7742FEE-C29D-C66D-E6C10BD78B0DCBB5</string><string>B7773E01-C29D-C66D-E27CCE499666D454</string><string>B77A9010-C29D-C66D-EF15B0F6C19A679B</string><string>B77D18EE-C29D-C66D-E9DCE65BE6B59622</string><string>B78152C3-C29D-C66D-ECBCAB92F3529B04</string><string>B7852C6D-C29D-C66D-E209219F4867CDEF</string><string>B78A816C-C29D-C66D-E3185A4CB2A244AE</string><string>B78CFE45-C29D-C66D-E593885DAB11504A</string><string>B78FCDC6-C29D-C66D-E476C1FBD3884A3C</string><string>B794B88D-C29D-C66D-EF6A7005BC06BAD7</string><string>B798BFE2-C29D-C66D-E71A619BB0A654BD</string><string>B79C58C2-C29D-C66D-E43A307E05ABA458</string><string>B79F4A33-C29D-C66D-EC7C3CB829E7264F</string><string>B7A770BF-C29D-C66D-E6124AF3F874BEA0</string><string>B7AAB6F3-C29D-C66D-EF79075D621D44A4</string><string>B7AE17FD-C29D-C66D-E9BFCD91FFE14395</string><string>B7B5FBA1-C29D-C66D-EF2F1C5E3369FA78</string><string>B7BA8AFE-C29D-C66D-E01A884E81B22096</string><string>B8B6ECEE-C29D-C66D-E49B8CFF9681B0AB</string></field><field name='FILENAME'><string>musicians</string><null/><string>songs/people-are-people</string><string>songs/john-im-only-dancing</string><string>songs/lets-dance</string><string>songs/little-china-girl</string><string>songs/jean-genie</string><string>songs/space-oddity</string><string>songs/ziggy-stardust</string><string>songs</string><string>songs/just-cant-get-enough</string><string>songs/master-of-puppets</string><string>demos</string><string>demos/your-first-display-object</string><string>demos/display-object-with-parameters</string><string>demos/1-your-first-display-object</string><string>demos/2-display-object-with-parameters</string><string>demos/3-display-object-with-model-service</string><string>demos/4-mura-js-functions</string><string>demos/5-mura-js-extend-data</string><string>songs</string><string>songs/ziggy-stardust</string><string>songs/space-oddity</string><string>songs/jean-genie</string><string>songs/little-china-girl</string><string>songs/lets-dance</string><string>songs/john-im-only-dancing</string><string>songs/modern-love</string><string>songs/never-let-me-down</string><string>songs/life-on-mars</string><string>songs/five-years</string><string>songs/lady-stardust</string><string>songs/soul-love</string><string>songs/white-light-white-heat</string><string>songs/black-country-rock</string><string>songs/day-in-day-out</string><string>songs/jump-they-say</string><string>songs/the-bewley-brothers</string><string>songs/all-the-young-dudes</string><string>songs/as-the-world-falls-down</string><string>songs/magic-dance</string><string>songs/scary-monsters-and-super-creeps</string><string>songs/cat-people-putting-out-fire</string><string>songs/absolute-beginners</string><string>songs/fame</string><string>songs/i-have-not-been-to-oxford-town</string><string>songs/young-americans</string><string>songs/golden-years</string><string>songs/im-afraid-of-americans</string><string>songs/blue-jean</string><string>songs/the-man-who-sold-the-world</string><string>songs/the-laughing-gnome</string><string>songs/wild-eyed-boy-from-freecloud</string><string>songs/under-pressure</string><string>songs/seven-years-in-tibet</string><string>songs/moonage-daydream</string><string>songs/rebel-rebel</string><string>songs/blackstar</string><string>songs/drive-in-saturday</string><string>songs/panic-in-detroit</string><string>songs/thursdays-child</string><string>songs/oh-you-pretty-things</string><string>songs/changes</string><string>songs/starman</string><string>songs/be-my-wife</string><string>songs/heroes</string><string>songs/look-back-in-anger</string><string>songs/ashes-to-ashes</string><string>songs/fashion</string><string>songs/wild-is-the-wind</string><string>songs/loving-the-alien</string><string>songs/underground</string><string>songs/time-will-crawl</string><string>songs/black-tie-white-noise</string><string>songs/strangers-when-we-meet</string><string>songs/little-wonder</string><string>songs/miracle-goodnight</string><string>songs/hallo-spaceboy</string><string>songs/cactus</string><string>songs/the-loneliest-guy</string><string>songs/fantastic-voyage</string><string>songs/battle-for-britain-the-letter</string><string>songs/never-get-old</string><string>songs/bring-me-the-disco-king</string><string>songs/hang-on-to-yourself</string><string>songs/the-motel</string><string>songs/slip-away</string><string>infinite-scrolling-demo</string></field></recordset></data></wddxPacket>
