<wddxPacket version='1.0'><header/><data><recordset rowCount='0' fieldNames='ALTTEXT,CONTENTHISTID,FILEID,CREDITS,SITEID,REMOTEURL,EXIF,REMOTEID,REMOTESOURCEURL,REMOTESOURCE,REMOTEPUBDATE,METAID,CONTENTID,CAPTION' type='coldfusion.sql.QueryTable'><field name='ALTTEXT'></field><field name='CONTENTHISTID'></field><field name='FILEID'></field><field name='CREDITS'></field><field name='SITEID'></field><field name='REMOTEURL'></field><field name='EXIF'></field><field name='REMOTEID'></field><field name='REMOTESOURCEURL'></field><field name='REMOTESOURCE'></field><field name='REMOTEPUBDATE'></field><field name='METAID'></field><field name='CONTENTID'></field><field name='CAPTION'></field></recordset></data></wddxPacket>
