<wddxPacket version='1.0'><header/><data><recordset rowCount='0' fieldNames='CLIENTSECRET,SITEID,USERID,CLIENTID,NAME,CREATED,LASTUPDATE,DESCRIPTION,LASTUPDATEBIDY,LASTUPDATEBY' type='coldfusion.sql.QueryTable'><field name='CLIENTSECRET'></field><field name='SITEID'></field><field name='USERID'></field><field name='CLIENTID'></field><field name='NAME'></field><field name='CREATED'></field><field name='LASTUPDATE'></field><field name='DESCRIPTION'></field><field name='LASTUPDATEBIDY'></field><field name='LASTUPDATEBY'></field></recordset></data></wddxPacket>
