<wddxPacket version='1.0'><header/><data><recordset rowCount='0' fieldNames='SITEID,ACTIONTYPE,COMMENTS,USERID,GROUPID,CREATED,ACTIONTID,REQUESTID,PARENTID,CHAINID' type='coldfusion.sql.QueryTable'><field name='SITEID'></field><field name='ACTIONTYPE'></field><field name='COMMENTS'></field><field name='USERID'></field><field name='GROUPID'></field><field name='CREATED'></field><field name='ACTIONTID'></field><field name='REQUESTID'></field><field name='PARENTID'></field><field name='CHAINID'></field></recordset></data></wddxPacket>
