<wddxPacket version='1.0'><header/><data><recordset rowCount='1' fieldNames='USERID,GROUPNAME,FNAME,LNAME,USERNAME,PASSWORD,PASSWORDCREATED,EMAIL,COMPANY,JOBTITLE,MOBILEPHONE,WEBSITE,TYPE,SUBTYPE,EXT,CONTACTFORM,ADMIN,S2,LASTLOGIN,LASTUPDATE,LASTUPDATEBY,LASTUPDATEBYID,PERM,INACTIVE,ISPUBLIC,SITEID,SUBSCRIBE,NOTES,DESCRIPTION,INTERESTS,KEEPPRIVATE,PHOTOFILEID,IMNAME,IMSERVICE,CREATED,REMOTEID,TAGS,TABLIST' type='coldfusion.sql.QueryTable'><field name='USERID'><string>B6B4BB22-C29D-C66D-EB2D7EEA2805BCFA</string></field><field name='GROUPNAME'><string>Admin</string></field><field name='FNAME'><null/></field><field name='LNAME'><null/></field><field name='USERNAME'><null/></field><field name='PASSWORD'><null/></field><field name='PASSWORDCREATED'><null/></field><field name='EMAIL'><null/></field><field name='COMPANY'><null/></field><field name='JOBTITLE'><null/></field><field name='MOBILEPHONE'><null/></field><field name='WEBSITE'><null/></field><field name='TYPE'><number>1.0</number></field><field name='SUBTYPE'><string>Default</string></field><field name='EXT'><null/></field><field name='CONTACTFORM'><null/></field><field name='ADMIN'><null/></field><field name='S2'><number>0.0</number></field><field name='LASTLOGIN'><null/></field><field name='LASTUPDATE'><dateTime>2017-02-05T23:13:34-08:00</dateTime></field><field name='LASTUPDATEBY'><string>System</string></field><field name='LASTUPDATEBYID'><null/></field><field name='PERM'><number>1.0</number></field><field name='INACTIVE'><number>0.0</number></field><field name='ISPUBLIC'><number>0.0</number></field><field name='SITEID'><string>muracon</string></field><field name='SUBSCRIBE'><number>0.0</number></field><field name='NOTES'><null/></field><field name='DESCRIPTION'><null/></field><field name='INTERESTS'><null/></field><field name='KEEPPRIVATE'><number>0.0</number></field><field name='PHOTOFILEID'><null/></field><field name='IMNAME'><null/></field><field name='IMSERVICE'><null/></field><field name='CREATED'><dateTime>2017-02-05T23:13:34-08:00</dateTime></field><field name='REMOTEID'><null/></field><field name='TAGS'><null/></field><field name='TABLIST'><null/></field></recordset></data></wddxPacket>
