<wddxPacket version='1.0'><header/><data><recordset rowCount='0' fieldNames='COMMENTID,CONTENTID,CONTENTHISTID,URL,NAME,COMMENTS,ENTERED,EMAIL,SITEID,IP,ISAPPROVED,SUBSCRIBE,USERID,PARENTID,PATH,REMOTEID,FLAGCOUNT,ISSPAM,ISDELETED' type='coldfusion.sql.QueryTable'><field name='COMMENTID'></field><field name='CONTENTID'></field><field name='CONTENTHISTID'></field><field name='URL'></field><field name='NAME'></field><field name='COMMENTS'></field><field name='ENTERED'></field><field name='EMAIL'></field><field name='SITEID'></field><field name='IP'></field><field name='ISAPPROVED'></field><field name='SUBSCRIBE'></field><field name='USERID'></field><field name='PARENTID'></field><field name='PATH'></field><field name='REMOTEID'></field><field name='FLAGCOUNT'></field><field name='ISSPAM'></field><field name='ISDELETED'></field></recordset></data></wddxPacket>
