<wddxPacket version='1.0'><header/><data><recordset rowCount='0' fieldNames='FILEID,CONTENTID,SITEID,MODULEID,FILENAME,IMAGE,IMAGESMALL,IMAGEMEDIUM,FILESIZE,CONTENTTYPE,CONTENTSUBTYPE,FILEEXT,CREATED,DELETED,CAPTION,CREDITS,ALTTEXT,REMOTEID,REMOTEURL,REMOTEPUBDATE,REMOTESOURCE,REMOTESOURCEURL,EXIF' type='coldfusion.sql.QueryTable'><field name='FILEID'></field><field name='CONTENTID'></field><field name='SITEID'></field><field name='MODULEID'></field><field name='FILENAME'></field><field name='IMAGE'></field><field name='IMAGESMALL'></field><field name='IMAGEMEDIUM'></field><field name='FILESIZE'></field><field name='CONTENTTYPE'></field><field name='CONTENTSUBTYPE'></field><field name='FILEEXT'></field><field name='CREATED'></field><field name='DELETED'></field><field name='CAPTION'></field><field name='CREDITS'></field><field name='ALTTEXT'></field><field name='REMOTEID'></field><field name='REMOTEURL'></field><field name='REMOTEPUBDATE'></field><field name='REMOTESOURCE'></field><field name='REMOTESOURCEURL'></field><field name='EXIF'></field></recordset></data></wddxPacket>
