<wddxPacket version='1.0'><header/><data><recordset rowCount='0' fieldNames='CATEGORYID,SITEID,PARENTID,DATECREATED,LASTUPDATE,LASTUPDATEBY,NAME,NOTES,ISINTERESTGROUP,ISACTIVE,ISOPEN,SORTBY,SORTDIRECTION,RESTRICTGROUPS,PATH,REMOTEID,REMOTESOURCEURL,REMOTEPUBDATE,URLTITLE,FILENAME,ISFEATUREABLE' type='coldfusion.sql.QueryTable'><field name='CATEGORYID'></field><field name='SITEID'></field><field name='PARENTID'></field><field name='DATECREATED'></field><field name='LASTUPDATE'></field><field name='LASTUPDATEBY'></field><field name='NAME'></field><field name='NOTES'></field><field name='ISINTERESTGROUP'></field><field name='ISACTIVE'></field><field name='ISOPEN'></field><field name='SORTBY'></field><field name='SORTDIRECTION'></field><field name='RESTRICTGROUPS'></field><field name='PATH'></field><field name='REMOTEID'></field><field name='REMOTESOURCEURL'></field><field name='REMOTEPUBDATE'></field><field name='URLTITLE'></field><field name='FILENAME'></field><field name='ISFEATUREABLE'></field></recordset></data></wddxPacket>
