<wddxPacket version='1.0'><header/><data><recordset rowCount='1' fieldNames='SUBTYPEID,SITEID,BASETABLE,BASEKEYFIELD,DATATABLE,TYPE,SUBTYPE,ISACTIVE,NOTES,LASTUPDATE,DATECREATED,LASTUPDATEBY,HASSUMMARY,HASBODY,DESCRIPTION,AVAILABLESUBTYPES,ICONCLASS,HASASSOCFILE,HASCONFIGURATOR,ADMINONLY' type='coldfusion.sql.QueryTable'><field name='SUBTYPEID'><string>B8BC0657-C29D-C66D-E17F8D27F927DED9</string></field><field name='SITEID'><string>muracon</string></field><field name='BASETABLE'><string>tcontent</string></field><field name='BASEKEYFIELD'><string>contentHistID</string></field><field name='DATATABLE'><string>tclassextenddata</string></field><field name='TYPE'><string>Page</string></field><field name='SUBTYPE'><string>SongListings</string></field><field name='ISACTIVE'><number>1.0</number></field><field name='NOTES'><null/></field><field name='LASTUPDATE'><null/></field><field name='DATECREATED'><null/></field><field name='LASTUPDATEBY'><null/></field><field name='HASSUMMARY'><number>1.0</number></field><field name='HASBODY'><number>1.0</number></field><field name='DESCRIPTION'><null/></field><field name='AVAILABLESUBTYPES'><null/></field><field name='ICONCLASS'><null/></field><field name='HASASSOCFILE'><number>1.0</number></field><field name='HASCONFIGURATOR'><number>0.0</number></field><field name='ADMINONLY'><number>0.0</number></field></recordset></data></wddxPacket>
