<wddxPacket version='1.0'><header/><data><recordset rowCount='0' fieldNames='CONTENTID,SITEID,VIEWS,RATING,TOTALVOTES,UPVOTES,DOWNVOTES,COMMENTS,MAJORVERSION,MINORVERSION,LOCKID,LOCKTYPE,DISABLECOMMENTS' type='coldfusion.sql.QueryTable'><field name='CONTENTID'></field><field name='SITEID'></field><field name='VIEWS'></field><field name='RATING'></field><field name='TOTALVOTES'></field><field name='UPVOTES'></field><field name='DOWNVOTES'></field><field name='COMMENTS'></field><field name='MAJORVERSION'></field><field name='MINORVERSION'></field><field name='LOCKID'></field><field name='LOCKTYPE'></field><field name='DISABLECOMMENTS'></field></recordset></data></wddxPacket>
