<wddxPacket version='1.0'><header/><data><recordset rowCount='0' fieldNames='FEEDID,SITEID,PARENTID,NAME,ISACTIVE,ISPUBLIC,ISDEFAULT,ISFEATURESONLY,DESCRIPTION,MAXITEMS,ALLOWHTML,LANG,LASTUPDATEBY,LASTUPDATE,DATECREATED,RESTRICTED,RESTRICTGROUPS,VERSION,CHANNELLINK,TYPE,SORTBY,SORTDIRECTION,NEXTN,DISPLAYNAME,DISPLAYRATINGS,DISPLAYCOMMENTS,ALTNAME,REMOTEID,REMOTESOURCEURL,REMOTEPUBDATE,IMAGESIZE,IMAGEHEIGHT,IMAGEWIDTH,DISPLAYLIST,SHOWNAVONLY,SHOWEXCLUDESEARCH,VIEWALLLINK,VIEWALLLABEL,CSSCLASS,AUTOIMPORT,ISLOCKED,CONTENTPOOLID,USECATEGORYINTERSECT,AUTHTYPE' type='coldfusion.sql.QueryTable'><field name='FEEDID'></field><field name='SITEID'></field><field name='PARENTID'></field><field name='NAME'></field><field name='ISACTIVE'></field><field name='ISPUBLIC'></field><field name='ISDEFAULT'></field><field name='ISFEATURESONLY'></field><field name='DESCRIPTION'></field><field name='MAXITEMS'></field><field name='ALLOWHTML'></field><field name='LANG'></field><field name='LASTUPDATEBY'></field><field name='LASTUPDATE'></field><field name='DATECREATED'></field><field name='RESTRICTED'></field><field name='RESTRICTGROUPS'></field><field name='VERSION'></field><field name='CHANNELLINK'></field><field name='TYPE'></field><field name='SORTBY'></field><field name='SORTDIRECTION'></field><field name='NEXTN'></field><field name='DISPLAYNAME'></field><field name='DISPLAYRATINGS'></field><field name='DISPLAYCOMMENTS'></field><field name='ALTNAME'></field><field name='REMOTEID'></field><field name='REMOTESOURCEURL'></field><field name='REMOTEPUBDATE'></field><field name='IMAGESIZE'></field><field name='IMAGEHEIGHT'></field><field name='IMAGEWIDTH'></field><field name='DISPLAYLIST'></field><field name='SHOWNAVONLY'></field><field name='SHOWEXCLUDESEARCH'></field><field name='VIEWALLLINK'></field><field name='VIEWALLLABEL'></field><field name='CSSCLASS'></field><field name='AUTOIMPORT'></field><field name='ISLOCKED'></field><field name='CONTENTPOOLID'></field><field name='USECATEGORYINTERSECT'></field><field name='AUTHTYPE'></field></recordset></data></wddxPacket>
